controller,miss_rate,mean_delay,ci_95_low,ci_95_high,p95_delay,failure_rate,fail_ci_low,fail_ci_high,failures
fixed,0.0,15.12,14.58,15.65,42.02,0.5,0.299,0.701,10
fixed,0.05,15.12,14.58,15.65,42.02,0.5,0.299,0.701,10
fixed,0.1,15.12,14.58,15.65,42.02,0.5,0.299,0.701,10
fixed,0.15,15.12,14.58,15.65,42.02,0.5,0.299,0.701,10
fixed,0.2,15.12,14.58,15.65,42.02,0.5,0.299,0.701,10
fixed,0.25,15.12,14.58,15.65,42.02,0.5,0.299,0.701,10
fixed,0.3,15.12,14.58,15.65,42.02,0.5,0.299,0.701,10
fixed,0.35,15.12,14.58,15.65,42.02,0.5,0.299,0.701,10
fixed,0.4,15.12,14.58,15.65,42.02,0.5,0.299,0.701,10
fixed,0.45,15.12,14.58,15.65,42.02,0.5,0.299,0.701,10
fixed,0.5,15.12,14.58,15.65,42.02,0.5,0.299,0.701,10
max_pressure,0.0,11.3,10.77,11.83,46.4,0.4,0.219,0.613,8
max_pressure,0.05,11.3,10.77,11.83,46.4,0.4,0.219,0.613,8
max_pressure,0.1,11.3,10.77,11.83,46.4,0.4,0.219,0.613,8
max_pressure,0.15,11.3,10.77,11.83,46.4,0.4,0.219,0.613,8
max_pressure,0.2,11.3,10.77,11.83,46.4,0.4,0.219,0.613,8
max_pressure,0.25,11.3,10.77,11.83,46.4,0.4,0.219,0.613,8
max_pressure,0.3,11.3,10.77,11.83,46.4,0.4,0.219,0.613,8
max_pressure,0.35,11.3,10.77,11.83,46.4,0.4,0.219,0.613,8
max_pressure,0.4,11.3,10.77,11.83,46.4,0.4,0.219,0.613,8
max_pressure,0.45,11.3,10.77,11.83,46.4,0.4,0.219,0.613,8
max_pressure,0.5,11.3,10.77,11.83,46.4,0.4,0.219,0.613,8
d3qn,0.0,15.3,13.96,16.61,53.98,0.85,0.64,0.948,17
d3qn,0.05,15.5,14.08,16.91,54.05,0.85,0.64,0.948,17
d3qn,0.1,15.42,13.99,16.83,54.04,0.85,0.64,0.948,17
d3qn,0.15,15.52,14.12,16.91,54.04,0.85,0.64,0.948,17
d3qn,0.2,15.14,13.8,16.51,54.04,0.85,0.64,0.948,17
d3qn,0.25,15.35,14.03,16.7,54.04,0.85,0.64,0.948,17
d3qn,0.3,15.38,14.04,16.73,54.07,0.85,0.64,0.948,17
d3qn,0.35,15.35,14.04,16.68,54.05,0.85,0.64,0.948,17
d3qn,0.4,15.33,14.0,16.67,54.04,0.85,0.64,0.948,17
d3qn,0.45,15.28,13.96,16.64,54.04,0.85,0.64,0.948,17
d3qn,0.5,15.37,14.04,16.72,54.04,0.85,0.64,0.948,17
flowsync_uq,0.0,15.24,13.91,16.55,53.98,0.85,0.64,0.948,17
flowsync_uq,0.05,15.43,14.02,16.85,54.05,0.85,0.64,0.948,17
flowsync_uq,0.1,15.37,13.96,16.78,54.04,0.85,0.64,0.948,17
flowsync_uq,0.15,15.46,14.07,16.85,54.04,0.85,0.64,0.948,17
flowsync_uq,0.2,15.1,13.76,16.46,54.04,0.85,0.64,0.948,17
flowsync_uq,0.25,15.24,13.93,16.6,54.04,0.85,0.64,0.948,17
flowsync_uq,0.3,15.28,13.96,16.65,54.07,0.85,0.64,0.948,17
flowsync_uq,0.35,15.24,13.93,16.57,54.05,0.85,0.64,0.948,17
flowsync_uq,0.4,15.16,13.82,16.53,54.04,0.85,0.64,0.948,17
flowsync_uq,0.45,15.19,13.88,16.55,54.04,0.85,0.64,0.948,17
flowsync_uq,0.5,15.36,14.02,16.7,54.04,0.85,0.64,0.948,17
